Month,Actual Revenue,Predicted Revenue
2025-02,59066.900200000004,62194.031205881336
2025-03,75521.2612,75301.55606896162
2025-04,68000.3,68280.12018820574
2025-05,82840.3864,79850.2781862861
2025-06,75902.164,75334.05742495268
2025-07,31109.796,33454.741746643216
