Month,Predicted Revenue (baseline),Predicted Revenue (improved),Improvement
2025-02,62194.031205881336,72734.86841143577,10540.837205554439
2025-03,75301.55606896162,87155.63785393856,11854.081784976937
2025-04,68280.12018820574,79452.35072509371,11172.230536887975
2025-05,79850.2781862861,92208.38430078793,12358.106114501832
2025-06,75334.05742495268,87266.44023184845,11932.382806895766
2025-07,33454.741746643216,41211.39569790396,7756.653951260741
